coord_key,sep_min,sep_max,wds_status,search_radius_arcsec
"295.4656422,50.5168243",3.5,37.0,matched,60.0
"314.6078375,10.8391378",29.2,197.5,matched,60.0
"185.1787793,17.7932516",,,no_physical_companion,60.0
"294.6359173,46.0664076",,,no_match,60.0
"133.167908,28.3152863",,,no_match,60.0
"69.4007424,-2.4738245",25.0,66.5,matched,60.0
"133.1468373,28.3298154",,,no_physical_companion,60.0
"38.0391598,-1.0350269",,,no_match,60.0
"348.9745031,-9.0878076",49.8,63.0,matched,60.0
"326.8614036,6.6053185",,,no_match,60.0
"153.6696689,-15.6428372",,,no_physical_companion,60.0
"110.902655,79.1323952",,,no_match,60.0
"192.5772651,26.1595358",,,no_match,60.0
"291.7770457,1.3836634",4.1,28.4,matched,60.0
"280.7866461,6.2040783",4.4,19.9,matched,60.0
"201.7207198,45.5455449",,,no_match,60.0
"91.6243532,-72.5143057",,,no_match,60.0
"169.3162193,17.9615717",,,no_match,60.0
"354.9154673,-69.196043",4.2,999.9,matched,60.0
"78.9198197,16.2786991",,,no_match,60.0
"4.6126677,44.0247296",6.4,40.1,matched,60.0
"92.6435993,-21.8677233",,,no_physical_companion,60.0
"4.0634323,-79.8514218",,,no_physical_companion,60.0
"50.8972464,-40.0762325",,,no_physical_companion,60.0
"138.5916722,52.6835211",21.1,188.9,matched,60.0
"120.5936065,3.3371629",,,no_physical_companion,60.0
"167.7745044,30.4451688",36.6,255.4,matched,60.0
"259.7510609,-34.9977651",1.8,55.4,matched,60.0
"262.5448903,-51.6377777",,,no_physical_companion,60.0
"263.8072214,-48.6788427",,,no_physical_companion,60.0
"278.8294172,45.7456038",,,no_physical_companion,60.0
"32.6224785,-50.8209945",,,no_physical_companion,60.0
"352.9700384,19.9370011",3.5,49.0,matched,60.0
"15.6687321,62.3454386",13.7,296.4,matched,60.0
"280.6834312,59.638109",14.0,91.5,matched,60.0
"280.695353,59.62706",14.0,91.5,matched,60.0
"344.4453632,38.674919",,,no_physical_companion,60.0
"260.1161719,38.2421682",,,no_physical_companion,60.0
"9.5730343,42.4630961",,,no_physical_companion,60.0
"155.6814593,50.1287115",,,no_match,60.0
"108.8251171,14.2626064",,,no_physical_companion,60.0
"222.7673221,5.9473626",0.7,11.3,matched,60.0
"33.1310921,51.7787754",,,no_physical_companion,60.0
"206.0940142,48.028565",,,no_physical_companion,60.0
"123.9498431,5.8368669",4.0,14.1,matched,60.0
"31.0427614,46.6878512",,,no_physical_companion,60.0
"113.1842383,33.8350214",,,no_physical_companion,60.0
"123.250703,4.7870288",0.9,16.4,matched,60.0
"113.7582526,17.8300283",0.9,11.2,matched,60.0
"229.99122,36.229545",,,no_physical_companion,60.0
"297.3226523,4.6724124",1.0,30.2,matched,60.0
"274.743418,10.5971968",,,no_match,60.0
"256.6107279,44.7768849",,,no_match,60.0
"292.24719,47.9695429",3.1,3.9,matched,60.0
"343.0414932,35.4471778",1.0,9.9,matched,60.0
"5.618525,-59.9425892",,,no_match,60.0
"199.80183,-22.9868431",,,no_match,60.0
"288.6720048,-59.5793505",,,no_match,60.0
"186.7873036,-48.9784105",,,no_match,60.0
"292.9397825,-26.7402021",,,no_match,60.0
"171.0147921,-19.5569588",,,no_physical_companion,60.0
"173.7653631,20.441541",,,no_match,60.0
"175.875608,-58.0053798",,,no_physical_companion,60.0
"177.8436988,57.6406584",,,no_match,60.0
"179.2310729,-12.1079951",,,no_match,60.0
"183.7762699,-7.2575413",8.0,99.5,matched,60.0
"184.8059773,-3.3199927",,,no_physical_companion,60.0
"186.8791724,-71.4224896",,,no_physical_companion,60.0
"189.3173489,-40.8121458",,,no_physical_companion,60.0
"189.8392243,20.0273377",415.9,415.9,matched,60.0
"192.5892855,-88.1211107",,,no_match,60.0
"195.4438496,63.610328",4.9,120.2,matched,60.0
"27.5271962,-54.4651633",,,no_match,60.0
"196.794874,27.6244384",,,no_match,60.0
"198.1833997,-31.8746756",,,no_physical_companion,60.0
"200.1646905,24.6484725",,,no_physical_companion,60.0
"29.2884252,-10.2434693",,,no_physical_companion,60.0
"215.2227183,-17.4818147",,,no_physical_companion,60.0
"216.7005171,-5.1784093",0.5,42.1,matched,60.0
"224.5892892,44.0428571",4.8,59.1,matched,60.0
"225.8984524,-27.8431369",6.5,11.2,matched,60.0
"225.8999745,-27.8415947",6.5,11.2,matched,60.0
"1.5836771,-49.0753625",,,no_physical_companion,60.0
"242.5481731,-84.2317494",,,no_physical_companion,60.0
"238.2342443,15.4306118",2.5,2.5,matched,60.0
"240.8891972,-30.1371574",6.1,8.8,matched,60.0
"244.1725686,67.2392041",,,no_physical_companion,60.0
"246.0057894,-39.1929661",,,no_physical_companion,60.0
"260.1423366,-19.334365",1.3,5.0,matched,60.0
"246.4380471,-33.5672217",15.1,15.1,matched,60.0
"39.2441029,-34.5790905",,,no_physical_companion,60.0
"38.8323674,-3.5624887",5.7,22.4,matched,60.0
"270.1613723,29.5726698",,,no_physical_companion,60.0
"270.3800811,0.1044685",,,no_physical_companion,60.0
"286.3363574,25.9204327",1.6,7.9,matched,60.0
"277.2955423,11.6954244",43.2,167.0,matched,60.0
"287.2632091,34.6006972",0.1,94.0,matched,60.0
"289.2277322,5.1631615",4.8,73.8,matched,60.0
"289.8239604,-23.5582432",,,no_match,60.0
"294.2987668,28.499514",4.5,4.5,matched,60.0
"44.2620144,-56.1918694",,,no_match,60.0
"298.0191857,28.0999769",4.1,12.7,matched,60.0
"300.9092476,29.894541",10.2,179.0,matched,60.0
"300.1821223,22.7097759",7.8,12.4,matched,60.0
"307.0792427,18.7692509",4.5,103.3,matched,60.0
"309.4637796,-60.6347649",11.1,742.3,matched,60.0
"310.4364195,-75.3514992",,,no_physical_companion,60.0
"309.9664609,11.2500236",0.7,947.4,matched,60.0
"48.1943193,-1.1963955",6.0,999.9,matched,60.0
"309.8869681,42.247593",,,no_physical_companion,60.0
"319.6995877,-26.6163743",,,no_physical_companion,60.0
"323.0966714,-20.957957",,,no_physical_companion,60.0
"50.0139757,-28.7841175",,,no_match,60.0
"50.0166232,-28.8543535",,,no_physical_companion,60.0
"328.1517893,-26.0271749",,,no_match,60.0
"336.8803957,-77.7183219",,,no_physical_companion,60.0
"337.7506266,-49.4341037",19.8,95.6,matched,60.0
"340.0832062,31.7875183",,,no_match,60.0
"345.7838088,-0.4303594",,,no_physical_companion,60.0
"351.6534162,56.8871415",,,no_match,60.0
"355.4640788,-5.9862379",113.0,113.0,matched,60.0
"171.5196515,50.3763099",,,no_physical_companion,60.0
"57.0018601,40.5307308",,,no_physical_companion,60.0
"58.9574779,-65.1863239",,,no_match,60.0
"7.4990038,-5.76496",,,no_physical_companion,60.0
"64.1205476,-59.3028771",,,no_physical_companion,60.0
"66.2108141,-50.6228081",,,no_physical_companion,60.0
"72.5745099,-24.3689282",,,no_match,60.0
"77.0044889,-26.7976689",,,no_physical_companion,60.0
"86.6451363,1.1675866",,,no_physical_companion,60.0
"91.1253346,44.2597855",192.4,192.4,matched,60.0
"89.9566041,-48.2394189",,,no_physical_companion,60.0
"89.9565956,-48.2394114",,,no_physical_companion,60.0
"10.8027515,-37.9831248",,,no_physical_companion,60.0
"94.8946124,41.0920773",,,no_physical_companion,60.0
"98.3030763,5.4625071",,,no_physical_companion,60.0
"12.3085089,-24.1369079",,,no_physical_companion,60.0
"14.5594349,33.9505774",,,no_match,60.0
"112.9518629,17.0857195",,,no_physical_companion,60.0
"15.5981441,37.1854394",,,no_match,60.0
"118.4209646,-63.6466892",7.2,7.2,matched,60.0
"2.8927229,4.7672123",,,no_match,60.0
"18.621465,-5.0479716",0.6,60.2,matched,60.0
"131.9181715,-41.7377748",21.6,21.6,matched,60.0
"138.7885794,23.3748792",51.2,60.4,matched,60.0
"140.6569501,50.6037764",,,no_physical_companion,60.0
"20.9054804,-41.2701007",,,no_physical_companion,60.0
"149.0243714,-3.8083543",,,no_match,60.0
"21.5378455,34.5793389",,,no_physical_companion,60.0
"151.6695435,17.8949795",0.2,0.2,matched,60.0
"155.5433193,41.2289354",5.6,63.1,matched,60.0
"162.7766969,25.641065",,,no_physical_companion,60.0
"166.3125657,-10.291345",3.4,5.8,matched,60.0
"170.4549045,18.1896082",,,no_physical_companion,60.0
"171.689687,3.0071331",29.1,204.7,matched,60.0
"333.027079,29.0662082",,,no_physical_companion,60.0
"353.9543517,0.4447043",,,no_physical_companion,60.0
"64.2597881,-40.7985198",,,no_match,60.0
"68.0205209,5.4100745",0.4,0.4,matched,60.0
"118.5439118,-25.3023073",,,no_physical_companion,60.0
"0.1856063,-54.8308228",3.8,73.6,matched,60.0
"217.3270762,-46.464684",,,no_match,60.0
"248.8075,-35.7247583",,,no_match,60.0
"251.2490143,6.087048",163.5,175.8,matched,60.0
"287.7411441,-60.2726358",,,no_physical_companion,60.0
"206.7357992,6.3498994",,,no_physical_companion,60.0
"42.9849779,-30.8140609",,,no_match,60.0
"316.9921976,-5.2948694",,,no_match,60.0
"63.9283394,29.166542",,,no_match,60.0
"126.4762179,20.3593384",,,no_match,60.0
"67.4128615,22.8825674",,,no_match,60.0
"14.5176494,-0.193258",,,no_match,60.0
"19.3047733,9.5012663",,,no_physical_companion,60.0
"342.0316493,-14.4947789",,,no_physical_companion,60.0
"169.4827046,2.6190363",,,no_match,60.0
"157.9356855,0.9372782",,,no_physical_companion,60.0
"171.5151874,1.2306237",,,no_physical_companion,60.0
"55.4442857,18.2684913",,,no_match,60.0
"62.670422,24.4016558",,,no_physical_companion,60.0
"234.8578846,-20.1988975",,,no_match,60.0
"245.4405531,-23.548273",8.4,8.4,matched,60.0
"252.426008,-19.5430504",,,no_match,60.0
"135.0194934,13.2737056",,,no_match,60.0
"117.4149764,-52.1204471",6.1,29.6,matched,60.0
"314.2685227,31.6610186",,,no_match,60.0
"216.5238248,59.4442735",,,no_match,60.0
"111.5095293,7.6157759",0.6,0.6,matched,60.0
"92.6640226,30.9571333",,,no_physical_companion,60.0
"232.1466406,66.3587097",,,no_match,60.0
"161.9090273,71.655727",,,no_match,60.0
"157.06262,25.5731366",,,no_physical_companion,60.0
"148.6431193,40.3879446",,,no_physical_companion,60.0
"307.8598998,39.9389161",,,no_match,60.0
"291.2250888,44.9272918",,,no_physical_companion,60.0
"286.9713876,46.8682463",,,no_physical_companion,60.0
"286.7485252,45.1587234",,,no_match,60.0
"296.5476395,44.9418307",,,no_match,60.0
"297.3330716,41.8911186",,,no_physical_companion,60.0
"287.5711746,42.8138159",19.0,19.0,matched,60.0
"290.5267975,38.1428283",0.1,1.2,matched,60.0
"287.6046621,42.1665104",1.9,17.0,matched,60.0
"294.5589885,46.0623952",,,no_physical_companion,60.0
"295.251187,45.8429537",,,no_physical_companion,60.0
"285.207421,45.384333",,,no_physical_companion,60.0
"296.7244553,49.5326846",2.4,3.5,matched,60.0
"288.4505905,40.2452006",,,no_physical_companion,60.0
"283.23581,41.343037",,,no_physical_companion,60.0
"290.9564463,49.3667933",,,no_physical_companion,60.0
"280.5116813,44.1593503",,,no_physical_companion,60.0
"296.4673039,42.5987984",3.0,5.0,matched,60.0
"287.708814,47.33305",0.3,5.3,matched,60.0
"291.9998055,49.3018321",,,no_match,60.0
"283.3445555,41.2017544",1.8,5.6,matched,60.0
"289.0758307,51.757229",,,no_match,60.0
"298.150057,40.6561751",2.9,9.8,matched,60.0
"283.6282602,48.3908081",,,no_physical_companion,60.0
"290.5519537,40.2350445",,,no_match,60.0
"285.1670927,41.9669383",,,no_match,60.0
"292.6585253,38.3455558",,,no_physical_companion,60.0
"295.2264739,50.5592348",5.6,5.6,matched,60.0
"287.6979913,42.3385782",,,no_physical_companion,60.0
"287.3619673,38.7141384",0.7,6.2,matched,60.0
"286.6383905,39.4879038",8.4,8.4,matched,60.0
"286.5400278,49.4372614",,,no_physical_companion,60.0
"292.2861201,40.9135429",1.2,4.5,matched,60.0
"296.4358022,44.6415369",,,no_match,60.0
"294.496955,46.6896733",,,no_physical_companion,60.0
"296.8565596,41.7580749",3.2,12.9,matched,60.0
"286.830312,42.2791434",,,no_physical_companion,60.0
"291.6288086,41.2088351",,,no_physical_companion,60.0
"283.1510448,45.1400838",,,no_physical_companion,60.0
"287.6057027,49.5233937",,,no_physical_companion,60.0
"288.5106679,51.1624235",,,no_match,60.0
"293.2822344,48.2859173",,,no_physical_companion,60.0
"289.7528323,41.631884",1.8,1.8,matched,60.0
"283.2413322,46.3784691",,,no_match,60.0
"287.4786474,38.2290751",0.5,5.5,matched,60.0
"295.2978883,46.9204303",,,no_match,60.0
"288.067445,42.355305",,,no_physical_companion,60.0
"284.9219608,45.9723265",,,no_physical_companion,60.0
"286.2471739,50.2423694",,,no_physical_companion,60.0
"290.493913,52.055611",2.0,2.0,matched,60.0
"293.6755138,41.2952061",5.8,6.5,matched,60.0
"299.3196708,41.3847447",2.0,5.3,matched,60.0
"283.3402948,48.549062",3.4,4.1,matched,60.0
"300.2066441,45.0182402",,,no_physical_companion,60.0
"297.4865503,49.6233975",7.1,7.1,matched,60.0
"293.5920614,41.0950891",1.2,1.3,matched,60.0
"291.0323102,49.0402129",,,no_physical_companion,60.0
"295.57423,42.8064255",2.0,6.0,matched,60.0
"283.253527,40.3582155",,,no_match,60.0
"296.8609348,41.0973178",,,no_physical_companion,60.0
"285.6285208,44.3107855",,,no_physical_companion,60.0
"293.7419543,44.4482521",,,no_match,60.0
"291.0189951,38.5455728",,,no_physical_companion,60.0
"282.2325197,43.6655662",,,no_match,60.0
"295.3225434,39.3764624",2.8,5.5,matched,60.0
"287.7375794,38.1146488",4.6,4.6,matched,60.0
"289.6252192,40.7087351",,,no_match,60.0
"297.3539994,41.3000452",,,no_physical_companion,60.0
"68.1789866,-39.7908744",,,no_match,60.0
"45.4624781,-16.5944956",2.0,3.3,matched,60.0
"154.6449033,-11.717801",,,no_physical_companion,60.0
"147.5800667,-66.1139253",,,no_match,60.0
"91.8722801,-25.5948963",,,no_match,60.0
"328.5174799,-38.3774193",,,no_match,60.0
"94.4447595,-35.706364",,,no_match,60.0
"238.2337015,12.9120871",,,no_match,60.0
"305.001946,4.6323715",,,no_match,60.0
"204.7005847,-2.0303873",,,no_match,60.0
"271.351807,-26.4219437",,,no_match,60.0
"298.2150641,39.9550863",0.7,3.0,matched,60.0
"130.547744,19.276957",,,no_match,60.0
"217.3934657,-62.6761821",,,no_physical_companion,60.0
"222.2100773,22.1526136",,,no_match,60.0
"65.2733756,-48.6542601",,,no_match,60.0
"128.6616644,31.5539793",,,no_match,60.0
"95.3088995,53.2950203",,,no_match,60.0
"310.2917002,3.6382967",,,no_physical_companion,60.0
"83.8689794,-14.5971909",,,no_match,60.0
"197.6830975,70.7680117",,,no_physical_companion,60.0
"42.2476999,-14.5372835",,,no_physical_companion,60.0
"282.1001665,79.2564761",,,no_match,60.0
"325.0145363,48.4067674",5.0,5.0,matched,60.0
"92.1330955,-59.5409853",,,no_match,60.0
"286.8540627,59.0866254",3.4,3.4,matched,60.0
"290.1739741,73.1951082",,,no_physical_companion,60.0
"258.2232705,57.1977779",,,no_physical_companion,60.0
"51.7822676,-78.5498308",,,no_physical_companion,60.0
"94.2838373,76.21102",,,no_physical_companion,60.0
"56.3906096,37.1122803",,,no_physical_companion,60.0
"175.5755995,23.0270335",,,no_physical_companion,60.0
"116.3707214,-52.3832587",,,no_physical_companion,60.0
"331.1178077,81.5659509",,,no_match,60.0
"259.2545389,72.7470231",,,no_match,60.0
"26.3389717,77.7901231",,,no_match,60.0
"279.1701117,23.2586193",,,no_match,60.0
"65.0614963,84.9008238",,,no_physical_companion,60.0
"313.691232,-72.8046404",,,no_physical_companion,60.0
"319.4982407,-22.0498228",,,no_physical_companion,60.0
"65.0615,84.900825",,,no_physical_companion,60.0
"36.1561463,-65.0001957",,,no_match,60.0
"272.2670293,45.3368996",,,no_match,60.0
"115.9317105,-1.073333",,,no_physical_companion,60.0
"93.1147397,-23.4924956",,,no_physical_companion,60.0
"224.5658555,-27.6825503",,,no_physical_companion,60.0
"297.1103158,-43.0180008",,,no_match,60.0
"271.3241672,-34.107171",,,no_physical_companion,60.0
"304.2834581,42.9065338",,,no_match,60.0
"39.2823371,54.8512152",,,no_match,60.0
"69.5523415,39.4580035",,,no_match,60.0
"224.3560083,44.2743223",,,no_match,60.0
"226.3371468,36.7869747",,,no_match,60.0
"39.4297435,80.2673838",,,no_match,60.0
"81.8532824,-14.2767404",,,no_match,60.0
"206.1070129,-40.3373505",6.3,98.4,matched,60.0
"279.3581286,18.7299522",,,no_physical_companion,60.0
"306.4220814,45.9710306",,,no_match,60.0
"62.966385,-37.93973",,,no_match,60.0
"256.8431021,62.475548",,,no_physical_companion,60.0
"50.5104166,17.2392094",,,no_physical_companion,60.0
"280.6774738,21.6998203",,,no_match,60.0
"344.2223631,-8.1197473",,,no_match,60.0
"355.828682,-2.0450945",,,no_match,60.0
"226.1069193,60.5362318",,,no_physical_companion,60.0
"185.7279551,18.8367047",,,no_physical_companion,60.0
"175.6436366,20.9652921",,,no_match,60.0
"266.9231001,47.7050486",,,no_match,60.0
"293.3223259,30.7042468",,,no_match,60.0
"329.1018029,20.6779808",,,no_match,60.0
"322.3777987,21.474527",,,no_match,60.0
"310.9101344,19.729168",,,no_physical_companion,60.0
"51.6572691,40.8172704",,,no_match,60.0
"317.9001392,68.4020762",,,no_match,60.0
"60.4246951,60.8913677",,,no_match,60.0
"149.9918059,-16.1597935",,,no_physical_companion,60.0
"318.7040182,45.9259093",,,no_match,60.0
"236.0551933,58.5527617",,,no_match,60.0
"155.8719377,-43.8349248",,,no_match,60.0
"166.0747423,-47.8214964",,,no_physical_companion,60.0
"60.1998256,-54.5929177",,,no_physical_companion,60.0
"286.0408755,36.632536",2.3,5.5,matched,60.0
"286.8085258,49.3164211",1.1,6.0,matched,60.0
"268.3043361,37.2117397",,,no_physical_companion,60.0
"53.8694682,-25.7393857",,,no_match,60.0
"61.331654,20.1570318",,,no_match,60.0
"194.008964,-12.956031",0.1,7.6,matched,60.0
"5.1669536,31.9899732",,,no_physical_companion,60.0
"68.9598159,-64.027039",,,no_physical_companion,60.0
"160.6023689,7.4350768",,,no_physical_companion,60.0
"327.6656953,10.4629385",,,no_match,60.0
"47.3689472,30.6733817",0.3,0.3,matched,60.0
"97.636645,29.6722662",1.0,1.1,matched,60.0
"289.4792124,-32.8601244",4.6,26.9,matched,60.0
"160.5587646,-3.8349989",,,no_match,60.0
"176.2990518,-42.0639575",4.3,23.9,matched,60.0
"49.562173,-41.3020235",,,no_match,60.0
"218.2766247,21.8946875",1.5,11.5,matched,60.0
"60.3855387,-20.4509991",,,no_match,60.0
"322.2537644,-58.8361466",,,no_match,60.0
"87.679561,-27.6233218",,,no_match,60.0
"96.7446427,-46.8213635",,,no_match,60.0
"354.1686959,-34.6113042",,,no_physical_companion,60.0
"24.3544618,-45.6777937",,,no_match,60.0
"123.3922465,-1.9827874",,,no_physical_companion,60.0
"164.3491401,-29.9971229",,,no_match,60.0
"307.7255587,6.4293305",0.7,19.9,matched,60.0
"5.1605621,-23.9357894",,,no_physical_companion,60.0
"227.2154975,2.343286",16.5,21.7,matched,60.0
"4.6030424,-15.2674044",,,no_physical_companion,60.0
"278.6317411,35.6614312",1.2,17.9,matched,60.0
"36.7127375,37.5504441",,,no_physical_companion,60.0
"131.5803897,-8.0269855",4.9,17.8,matched,60.0
"5.2377567,-35.998465",,,no_physical_companion,60.0
"91.0897193,-16.9653901",2.2,21.8,matched,60.0
"205.4542456,-0.1281712",,,no_physical_companion,60.0
"203.7581951,-17.5034961",4.4,20.1,matched,60.0
"183.3660401,23.055687",,,no_physical_companion,60.0
"274.7012534,45.1722194",,,no_physical_companion,60.0
"101.1149223,-32.8583878",4.6,24.2,matched,60.0
"305.0957239,-19.3147271",13.1,23.1,matched,60.0
"315.4771912,-13.4333821",3.1,12.0,matched,60.0
"342.3858995,-10.6754686",,,no_match,60.0
"26.632936,2.700389",,,no_physical_companion,60.0
"37.1555223,-7.0606675",,,no_physical_companion,60.0
"359.9008737,-35.0313349",,,no_physical_companion,60.0
"175.9080328,6.5637842",1.3,140.9,matched,60.0
"185.3246821,-52.8408163",4.0,31.3,matched,60.0
"313.7832393,-34.1357512",,,no_physical_companion,60.0
"313.7882932,-34.135724",,,no_physical_companion,60.0
"58.4290113,-34.3282716",,,no_physical_companion,60.0
"284.415675,53.5090244",1.5,42.5,matched,60.0
"117.0267691,50.2251472",,,no_physical_companion,60.0
"117.0309753,50.2169068",,,no_physical_companion,60.0
"68.980174,16.509201",30.5,271.4,matched,60.0
"220.4897992,-37.7936323",5.3,5.3,matched,60.0
"124.1286379,9.1853306",29.1,69.0,matched,60.0
"330.8714021,-56.7969023",,,no_match,60.0
"354.8358233,77.6331009",0.9,0.9,matched,60.0
"325.3702792,-77.3910853",,,no_physical_companion,60.0
"154.993208,19.841389",3.7,333.0,matched,60.0
"237.5732422,2.196304",,,no_physical_companion,60.0
"127.5649503,60.7177048",7.0,177.2,matched,60.0
"265.4925754,72.1557114",32.0,101.5,matched,60.0
"206.8134593,17.4571647",22.5,42.6,matched,60.0
"24.1983534,41.4038147",55.4,286.8,matched,60.0
